suggestive_loc,average_a
1-56,0.00834326579261025
1-171,-0.0023837902264600714
2-99,-0.03098927294398093
2-113,0.023837902264600714
3-35,0.01907032181168057
3-74,0.007151370679380214
4-11,0.0023837902264600714
4-23,0.02026221692491061
4-36,0.009535160905840286
4-70,-0.014302741358760428
Z-1,0.03575685339690107
Z-10,-0.08820023837902265
Z-34,-0.003575685339690107
5-30,0.03694874851013111
7-4,-0.014302741358760428
7-21,0.021454112038140644
8-4,-0.033373063170441
10-9,0.009535160905840286
10-21,-0.009535160905840286
11-7,-0.00834326579261025
13-12,0.0023837902264600714
14-6,0.04648390941597139
14-16,0.05601907032181168
20-11,0.041716328963051254
23-6,0.03218116805721097
