signficant_loc,average_a
1-56,0.005363528009535161
1-171,0.0068533969010727055
3-74,-0.12783075089392135
4-11,-0.09296781883194279
4-23,-0.08611442193087009
4-36,-0.1364719904648391
5-30,-0.07240762812872467
7-21,-0.0166865315852205
10-9,-0.02443384982121573
11-7,0.0011918951132300357
13-12,-0.03069129916567342
23-6,-0.18295589988081049
