,est,SE,t
Intercept,1.294929,0.051809,24.994
ac,-0.848517,0.035120,-24.160
1@189.0a,0.082187,0.022058,3.726
1@189.0d,0.040051,0.031433,1.274
1@668.5a,0.146857,0.022236,6.605
1@668.5d,-0.012124,0.031886,-0.380
2@370.8a,0.054769,0.022077,2.481
2@370.8d,0.051580,0.031817,1.621
2@440.1a,0.049539,0.022895,2.164
2@440.1d,-0.015382,0.031294,-0.492
3@94.5a,0.047017,0.023089,2.036
3@94.5d,-0.079397,0.033003,-2.406
3@193.3a,0.073749,0.022738,3.243
3@193.3d,-0.046867,0.031862,-1.471
4@77.4a,0.075589,0.024714,3.059
4@77.4d,0.011063,0.034064,0.325
4@142.4a,0.028242,0.023835,1.185
4@142.4d,-0.037581,0.031930,-1.177
4@211.6a,0.095540,0.024088,3.966
4@211.6d,-0.010451,0.032017,-0.326
4@333.9a,0.047151,0.021312,2.212
4@333.9d,-0.048688,0.032208,-1.512
5@3.2a,0.011486,0.025343,0.453
5@3.2d,-0.086087,0.043027,-2.001
5@29.2a,0.003620,0.026785,0.135
5@29.2d,0.037860,0.042274,0.896
5@111.0a,0.023520,0.019385,1.213
5@111.0d,0.009000,0.040910,0.220
6@170.0a,0.077802,0.023372,3.329
6@170.0d,-0.020597,0.033257,-0.619
7@11.0a,-0.051635,0.024322,-2.123
7@11.0d,0.094693,0.033340,2.840
7@65.7a,0.144770,0.022242,6.509
7@65.7d,0.052359,0.031917,1.640
9@10.0a,-0.038757,0.023168,-1.673
9@10.0d,0.084611,0.032783,2.581
11@69.1a,0.061690,0.025651,2.405
11@69.1d,-0.067153,0.033930,-1.979
11@126.2a,-0.003916,0.027332,-0.143
11@126.2d,0.064306,0.034227,1.879
13@13.8a,0.048397,0.021774,2.223
13@13.8d,0.080916,0.031190,2.594
14@71.3a,0.068941,0.021418,3.219
14@71.3d,0.029865,0.032448,0.920
15@45.7a,0.049585,0.026769,1.852
15@45.7d,-0.049590,0.034026,-1.457
15@86.4a,0.008488,0.027923,0.304
15@86.4d,-0.012305,0.033777,-0.364
16@32.7a,0.099316,0.023348,4.254
16@32.7d,0.042164,0.033601,1.255
27@48.2a,0.022514,0.023543,0.956
27@48.2d,0.120204,0.033401,3.599