signficant_loc,average_a
1-56,0.0062047569803516025
1-171,0.007980569049271339
3-74,-0.141211323238973
4-11,-0.11804767309875142
4-23,-0.09346701164294954
4-36,-0.1463258785942492
5-30,-0.08986686390532544
7-21,-0.019662921348314606
10-9,-0.029057406094968107
11-7,0.0013253810470510272
13-12,-0.03693079956973826
23-6,-0.22425127830533237
