signficant_loc,average_a
1-56,0.00834326579261025
1-171,-0.0023837902264600714
3-74,0.007151370679380214
4-11,0.0023837902264600714
4-23,0.02026221692491061
4-36,0.009535160905840286
5-30,0.03694874851013111
7-21,0.021454112038140644
10-9,0.009535160905840286
11-7,-0.00834326579261025
13-12,0.0023837902264600714
23-6,0.03218116805721097
